{
  "threshold": 0.26,
  "acc": 0.9498958333333334,
  "precision": 0.2669120446757203,
  "recall": 0.35362367580292586,
  "f1": 0.3042094604368581,
  "iou": 0.1793909408854389
}